{
    "LightGBM": {
        "accuracy": 0.8837209302325582,
        "auc": 0.9766847760516137
    },
    "XGBoost": {
        "accuracy": 0.8604651162790697,
        "auc": 0.9635284721569434
    },
    "CatBoost": {
        "accuracy": 0.8239202657807309,
        "auc": 0.9529904011897496
    }
}